Adidas ACTIVEWEAR,32.75,47.75,22.75,5,USD
Adidas SKIRT,24.05,44.05,19.05,5,USD
BR CARDIGAN,15.99,19.99,9.99,2,USD
DENIM JACKET,34.99,54.99,29.99,5,USD
DKNY RIPPED JEANS,19.99,34.99,14.99,4,USD
FF MAGIC PULL ON REG,34.98,49.98,24.98,5,USD
FF MAGIC PULL ON REG - PETITE,29.98,49.98,24.98,5,USD
FF MAGIC PULL ON REG - WOMEN'S,37.98,57.98,32.98,5,USD
FF MAGIC PULL ON SHORT,29.98,49.98,24.98,5,USD
FF MAGIC PULL ON SHORT - PETITE,34.98,49.98,24.98,5,USD
FF MAGIC PULL ON SHORT - WOMEN'S,47.98,57.98,32.98,5,USD
FF PULL ON PETITE SHORT - WOMEN'S,47.98,57.98,32.98,5,USD
FLEXI FIT PANT REG,29.98,49.98,24.98,5,USD
FLEXI FIT PANT REG - PETITE,34.98,49.98,24.98,5,USD
FLEXI FIT PANT REG - WOMEN'S,37.98,57.98,32.98,5,USD
FLEXI FIT PANT SHORT,29.98,49.98,24.98,5,USD
FLEXI FIT PANT SHORT - PETITE,29.98,49.98,24.98,5,USD
FLEXI FIT PANT SHORT - WOMEN'S,42.98,57.98,32.98,5,USD
GAP TOP,69.95,109.95,59.95,10,USD
IS SWEATER,27.99,37.99,12.99,5,USD
LEVIS RIPPED JEANS,49.99,59.99,34.99,5,USD
LEVIS TOP,12.99,20.49,7.99,2.5,USD
MAGIC PANT REGULAR,34.98,49.98,24.98,5,USD
MAGIC PANT REGULAR - PETITE,34.98,49.98,24.98,5,USD
MAGIC PANT SHORT,34.98,49.98,24.98,5,USD
MAGIC PANT SHORT - PETITE,29.98,49.98,24.98,5,USD
MAGIC PATTERN REG,34.98,49.98,24.98,5,USD
MAGIC PATTERN REG - PETITE,29.98,49.98,24.98,5,USD
MAGIC PATTERN SHORT,39.98,49.98,24.98,5,USD
MAGIC PATTERN SHORT - PETITE,34.98,49.98,24.98,5,USD
MAGIC SKIRT,59,69,44,5,USD
MENSWEAR FLEXI FIT - WOMEN'S,47.98,57.98,32.98,5,USD
MENSWEAR FLEXI FIT SHORT - WOMEN'S,42.98,57.98,32.98,5,USD
NF BACKPACK,32.99,47.99,22.99,5,USD
NIKE ACTIVEWEAR,27.49,42.49,17.49,5,USD
PATTRN RNS PO PNT REG,54,74,49,5,USD
PTTRN RNS PO PNT - PETITE,54,74,49,5,USD
PTTRN RNS PO PNT SHORT,64,74,49,5,USD
PTTRN RNS PO PNT SHORT - PETITE,54,74,49,5,USD
PULL ON PANT REGULAR - WOMEN'S,42.98,57.98,32.98,5,USD
PULL ON PANT SHORT - WOMEN'S,47.98,57.98,32.98,5,USD
ZIPPER POCKET SKIRT,59,74,49,5,USD
